Race,Program,Horse,Surface,RaceType,Distance_yards,BrisRelated_dmrd,BrisRelated_sarm,EarlySpeed,HC_1stongrass,HC_ShipperToUS,IAucPri_keeA25,IJKYe_kta13,JCK_PY_WPS,KS_itmm_26,LastWOatTT,PPt12,ShowedLateSP_LR,StretchBL_LR26,Weight_LR,WinsatDist26,XBPPR_tc12_3,baseprob2,brisAW_c,eps4dalt_sard,iJCK_StrtCM,iworkoutpctrnk1_ckta13,lrclass_kma13,ltstr_sart,xBRISRunstyle_EP,xBRISSpeedAWc_keeod,xJCK_CMWPS26,xNumDaysSinceLRcut,xNumDaysSinceLRcut2,xNumEntLast5,xNumEntLast5cut,xPostPosition,xR309c,xdaysoff26,xdrfsp1m_sard,xsexcolt0425,xturffy_last5,xwrkdate_kaaw13,log_odds_s,predicted_s,log_odds_r,predicted_r,log_odds_hp,predicted_hp,log_odds_lp,predicted_lp,predicted_ensemble
5,1.000000,LIMELIGHT,T,S,1980,-6.000000,0.000000,1.976190,1,0,1.000000,0.250000,-0.048680,-0.152350,0,-5.000000,0,4.580000,-0.785714,1.000000,173.223202,0.062500,-0.015000,2.018156,0.080605,2.000000,4.285714,0.603774,0.000000,-6.000000,0.152243,-19.357143,-19.357143,-2.226190,-2.226190,-7.500000,-0.562500,40.000000,0.428571,3,-2.062500,-18.000000,-5.247027,0.005236,-3.484603,0.029754,-3.592543,0.026791,-3.327264,0.034648,0.024107
5,2.000000,SUPERCHARGER,T,S,1980,-2.250000,-1.750000,-8.251190,0,0,1.642336,2.972461,0.087648,0.072139,0,-5.000000,0,-0.670000,-0.785714,1.000000,755.778645,0.062500,-0.015000,3.629926,2.095718,1.029296,-0.714286,0.905660,0.000000,-1.000000,0.229166,-3.357143,-3.357143,5.773810,5.773810,-6.500000,2.437500,40.000000,-5.571429,3,0.937500,16.000000,-2.120803,0.107091,-1.096881,0.250325,-2.309833,0.090312,-1.256491,0.221579,0.167327
5,3.000000,ROYAL CAUSEWAY,T,S,1980,-1.500000,-0.750000,-5.580794,0,0,1.094891,2.304239,0.067832,0.017822,1,-5.000000,1,-1.170000,-0.785714,1.000000,413.773716,0.062500,0.000000,3.867225,2.015113,1.694314,-3.714286,2.113208,0.000000,0.000000,0.092243,9.642857,9.642857,-1.026190,-1.026190,-5.500000,-0.562500,-4.120000,6.428571,-2,4.937500,9.000000,-2.876572,0.053324,-1.735046,0.149943,-3.192018,0.039467,-1.612454,0.166248,0.102246
5,4.000000,SIGFRID,T,S,1980,2.000000,0.000000,-2.785714,1,0,1.000000,2.384053,-0.017255,0.111522,0,-4.500000,1,1.580000,-0.785714,1.000000,451.623216,0.062500,-0.015000,2.531281,1.168766,0.695940,-3.714286,0.301887,0.000000,2.000000,0.066036,-10.357143,-10.357143,-2.642857,-2.642857,-4.500000,-0.562500,40.000000,3.428571,3,-1.062500,10.000000,-3.567469,0.027452,-1.932396,0.126486,-2.260093,0.094482,-2.201173,0.099645,0.087016
5,5.000000,IRISH MOJO,T,S,1980,0.000000,0.000000,0.000000,0,0,1.000000,0.250000,-0.069127,-0.052044,1,-3.500000,0,0.000000,0.000000,1.000000,441.000000,0.062500,0.000000,3.000000,0.725441,2.000000,0.000000,0.200000,0.000000,0.000000,-0.236646,-100.000000,-200.000000,0.000000,0.000000,-3.500000,-0.562500,40.000000,0.000000,3,-0.062500,17.000000,-3.509019,0.029057,-2.780846,0.058368,-2.937374,0.050337,-2.743210,0.060471,0.049558
5,6.000000,SWERVE,T,S,1980,0.000000,0.000000,7.219206,0,0,0.583942,0.676396,-0.010901,0.005557,0,-2.500000,1,-5.290000,-0.785714,1.000000,175.865488,0.062500,0.000000,2.828676,1.088161,1.569732,-3.714286,1.811321,0.000000,0.000000,-0.051461,9.642857,9.642857,-4.026190,-4.026190,-2.500000,-0.562500,11.280000,9.428571,3,0.937500,-22.000000,-3.994603,0.018082,-2.672926,0.064590,-3.050002,0.045217,-2.308082,0.090456,0.054586
5,7.000000,IN AMERICA,T,S,1980,0.000000,0.000000,3.976190,0,0,0.087591,0.250000,0.017844,-0.167512,0,-1.500000,0,0.580000,-0.785714,1.000000,74.156702,0.062500,0.000000,1.443866,0.241814,1.009114,-0.714286,0.603774,0.000000,0.000000,-0.181090,-3.357143,-3.357143,0.773810,0.773810,-1.500000,-0.562500,40.000000,-9.571429,3,-0.062500,10.000000,-3.708354,0.023931,-3.476299,0.029994,-4.083078,0.016576,-3.441212,0.031032,0.025383
5,8.000000,COMPREHENSIVE,T,S,1980,0.000000,0.000000,2.419206,0,0,2.226277,2.448892,0.114165,0.119327,0,-0.500000,0,-2.420000,-0.785714,1.000000,1490.070288,0.062500,0.000000,4.978790,2.418136,0.563226,-0.714286,1.509434,0.000000,0.000000,0.235576,-11.357143,-11.357143,0.973810,0.973810,-0.500000,-0.562500,-15.320000,10.000000,-2,4.937500,18.000000,-0.923735,0.284197,-0.792823,0.311563,-1.137843,0.242717,-0.815842,0.306647,0.286281
5,9.000000,BLUEGRASS PIKE,T,S,1980,-7.250000,-2.250000,-9.451190,0,0,1.000000,0.250000,-0.053902,-0.007543,1,0.500000,0,2.580000,-2.785714,1.000000,129.992573,0.062500,-0.015000,0.600000,0.201511,0.622910,-0.714286,0.905660,0.000000,-8.000000,0.052243,12.642857,12.642857,-0.226190,-0.226190,0.500000,-0.562500,40.000000,-10.000000,3,0.937500,28.000000,-4.364728,0.012558,-3.570467,0.027372,-4.500818,0.010978,-4.081451,0.016603,0.016878
5,10.000000,HEY DEY,T,S,1980,0.000000,0.000000,8.248810,1,0,1.000000,0.250000,-0.052861,0.098480,1,1.500000,0,-4.420000,-0.785714,1.000000,490.242859,0.062500,-0.015000,2.896781,0.403023,0.605468,-2.714286,0.905660,0.000000,0.000000,-0.347757,9.642857,9.642857,-1.226190,-1.226190,1.500000,-0.562500,40.000000,2.428571,3,-3.062500,-40.000000,-4.022920,0.017586,-3.150516,0.041071,-2.596953,0.069335,-3.196706,0.039290,0.041820
5,11.000000,MR BOBO,T,S,1980,7.750000,4.750000,-1.380794,0,0,1.000000,0.250000,-0.058099,-0.022011,0,2.500000,0,-1.920000,5.214286,1.000000,661.077559,0.062500,0.030000,4.166869,0.564232,0.336371,-1.714286,1.811321,0.000000,6.000000,-0.133471,40.642857,40.642857,1.973810,1.973810,2.500000,-0.562500,10.880000,-4.571429,-2,0.937500,-22.000000,-2.798679,0.057396,-2.664128,0.065124,-2.193466,0.100339,-2.519242,0.074520,0.074345
5,12.000000,CULPER CODE,T,S,1980,0.000000,0.000000,-2.785714,1,0,1.000000,0.250000,-0.058179,-0.029749,1,3.500000,0,4.080000,-2.785714,1.000000,82.654073,0.062500,0.000000,2.028192,0.000000,0.920074,6.000000,0.301887,0.000000,0.000000,0.000000,-10.357143,-10.357143,-1.642857,-1.642857,3.500000,-0.562500,40.000000,-0.571429,3,-1.062500,16.000000,-4.436444,0.011699,-3.559871,0.027656,-2.995279,0.047640,-3.764079,0.022663,0.027415
5,13.000000,MAXIMUS PRIME,T,S,1980,10.000000,0.000000,0.819206,1,0,0.364964,0.250000,-0.009157,-0.129850,0,4.500000,0,5.580000,2.214286,1.000000,1251.137959,0.062500,0.030000,4.429593,0.000000,0.189209,6.000000,2.500000,0.000000,8.000000,0.000000,9.642857,9.642857,6.973810,6.973810,4.500000,-0.562500,-2.720000,0.428571,3,-5.062500,-40.000000,-2.836782,0.055369,-2.258974,0.094578,-2.999026,0.047470,-2.154484,0.103913,0.075332
5,14.000000,T V CHANNEL,T,S,1980,0.000000,0.000000,0.000000,0,0,1.000000,2.304239,0.067832,0.078820,0,5.000000,0,0.000000,0.000000,1.000000,441.000000,0.062500,0.000000,3.000000,2.015113,0.807291,0.000000,0.200000,0.000000,0.000000,0.092243,-100.000000,-200.000000,0.000000,0.000000,5.500000,2.437500,40.000000,0.000000,3,-0.062500,30.000000,-2.850225,0.054670,-2.126942,0.106506,-2.291055,0.091867,-2.131414,0.106081,0.089781
5,15.000000,TERRE HAUTE,T,S,1980,3.000000,0.000000,2.776190,0,0,1.000000,0.250000,-0.091326,-0.005215,0,5.000000,0,1.830000,-0.785714,1.000000,313.340573,0.062500,0.030000,3.418809,0.564232,0.888020,-0.714286,0.603774,0.000000,3.000000,-0.204900,-11.357143,-11.357143,0.773810,0.773810,6.500000,-0.562500,40.000000,3.428571,-2,-0.062500,-11.000000,-3.469326,0.030198,-3.424494,0.031539,-2.744140,0.060418,-3.177606,0.040017,0.040543
5,16.000000,LAHAINALUNA,T,S,1980,-1.000000,0.000000,0.448810,0,0,1.000000,2.448892,0.114165,0.062608,0,5.000000,0,-4.920000,5.214286,1.000000,891.704916,0.062500,-0.015000,3.493754,2.418136,1.032581,-0.714286,0.905660,0.000000,-1.000000,0.235576,-22.357143,-22.357143,-4.226190,-4.226190,7.500000,2.437500,40.000000,-5.571429,3,-1.062500,9.000000,-2.035382,0.115538,-1.769798,0.145567,-1.794391,0.142535,-1.923752,0.127444,0.132771
8,1.000000,MONTEREY BAY,T,A,1760,3.900000,3.900000,2.953993,0,0,1.425926,0.250000,-0.025067,0.143273,0,-5.000000,0,-0.316667,-1.133333,0.000000,678.081600,0.066667,0.000000,3.533086,0.336538,1.887530,1.066667,0.724138,-0.400000,0.000000,-0.138768,100.000000,136.466667,4.347619,4.347619,-7.000000,-0.266667,12.707692,1.800000,-2,6.200000,37.000000,-2.011319,0.118020,-2.267882,0.093818,-1.539996,0.176536,-1.901557,0.129932,0.129576
8,2.000000,ROCKY JOY,T,A,1760,3.488889,3.900000,1.553993,0,0,1.000000,0.250000,-0.113282,-0.250000,0,-5.000000,0,1.433333,-3.133333,3.000000,355.322500,0.066667,-0.015000,3.888523,0.576923,1.000000,0.066667,1.965517,-0.400000,2.666667,-0.198292,-24.533333,-24.533333,8.347619,8.347619,-6.000000,-0.266667,-6.492308,1.800000,-2,4.200000,-40.000000,-3.636070,0.025679,-2.676214,0.064392,-3.451055,0.030737,-2.510950,0.075094,0.048976
8,3.000000,LOVE'M OR LIAM,T,A,1760,1.333333,2.000000,-7.446007,0,0,0.799383,0.250000,-0.028984,0.026228,1,-5.000000,0,2.433333,-3.133333,0.000000,633.528900,0.066667,-0.015000,3.505881,0.865385,1.980742,0.066667,0.931034,-0.400000,-1.333333,-0.170514,-24.533333,-24.533333,-10.652381,-10.652381,-5.000000,-0.266667,-23.492308,6.800000,3,0.200000,7.000000,-2.688392,0.063662,-2.466870,0.078214,-3.119898,0.042294,-2.608538,0.068591,0.063190
8,4.000000,DR. PARK,T,A,1760,0.000000,0.000000,0.461714,1,0,3.000000,3.000000,0.127791,0.077082,0,-4.000000,0,1.433333,-3.133333,0.000000,564.062500,0.066667,0.000000,2.816059,2.500000,0.471883,5.066667,0.413793,-0.400000,0.000000,0.295298,-32.533333,-32.533333,-8.652381,-8.652381,-4.000000,-0.266667,40.000000,-0.200000,-2,-2.800000,2.000000,-2.886982,0.052801,-2.510306,0.075139,-1.953877,0.124131,-2.479343,0.077319,0.082348
8,5.000000,MASTER CONTROLLER,T,A,1760,-6.666667,-5.000000,2.553993,0,0,0.324074,0.250000,-0.091115,-0.012027,0,-3.000000,0,4.433333,2.866667,0.000000,387.696100,0.066667,-0.015000,2.724890,0.096154,1.685295,2.066667,0.724138,0.600000,-3.333333,0.218375,26.466667,26.466667,-6.652381,-6.652381,-3.000000,-0.266667,55.707692,-5.200000,3,-3.800000,-14.000000,-4.582946,0.010121,-2.965812,0.048994,-3.631323,0.025798,-3.225212,0.038228,0.030785
8,6.000000,MASTER OF LIGHT,T,A,1760,-5.000000,0.000000,-9.880000,0,0,0.237654,0.250000,-0.051182,-0.026858,0,-2.000000,0,2.433333,-3.133333,0.000000,117.072400,0.066667,-0.015000,2.080016,0.673077,1.441863,0.066667,0.310345,-0.400000,-8.000000,-0.138768,-24.533333,-24.533333,-0.866667,-0.866667,-2.000000,-0.266667,40.000000,3.800000,-2,0.200000,16.000000,-4.064853,0.016876,-3.685770,0.024464,-3.817038,0.021520,-3.961123,0.018686,0.020386
8,7.000000,TWO BEERS BY TEN,T,A,1760,-0.844444,-3.600000,0.153993,0,0,0.302469,3.000000,0.154308,0.030771,0,-1.000000,0,-1.066667,5.866667,0.000000,950.488900,0.066667,0.030000,1.566627,2.500000,0.505588,2.066667,2.379310,0.600000,4.666667,0.301708,-3.533333,-3.533333,-0.652381,-0.652381,-1.000000,-0.266667,-23.692308,2.800000,-2,2.200000,36.000000,-1.933474,0.126367,-1.955421,0.123963,-2.869293,0.053693,-1.828839,0.138377,0.110600
8,8.000000,SUMOOD,T,A,1760,8.666667,0.000000,1.553993,0,0,1.000000,3.000000,0.107976,0.077657,0,0.000000,0,-1.566667,-3.133333,0.000000,1255.284900,0.066667,0.030000,5.568832,2.403846,0.235941,0.066667,0.620690,-0.400000,8.000000,0.158375,-16.533333,-16.533333,6.347619,6.347619,0.000000,2.733333,21.107692,-8.200000,-2,0.200000,22.000000,-0.098268,0.475453,-0.625456,0.348541,-1.368433,0.202873,-0.256850,0.436138,0.365751
8,9.000000,CINISTER CIX,T,A,1760,3.333333,2.000000,6.553993,0,0,1.000000,0.639417,0.015334,-0.042309,0,1.000000,0,-5.066667,-3.133333,0.000000,454.968900,0.066667,-0.015000,4.408093,0.288462,0.643476,0.066667,1.344828,0.600000,2.666667,0.051708,-24.533333,-24.533333,-4.652381,-4.652381,1.000000,-0.266667,-26.892308,6.800000,3,-1.800000,-2.000000,-3.091662,0.043452,-2.143789,0.104913,-2.279036,0.092874,-2.571162,0.071018,0.078064
8,10.000000,JIMMY RULES,T,A,1760,6.666667,0.000000,0.153993,0,0,1.000000,0.250000,-0.017955,-0.047947,0,2.000000,0,1.183333,2.866667,0.000000,292.752100,0.066667,0.030000,2.072270,0.673077,1.179706,1.066667,1.034483,-0.400000,6.666667,-0.067339,-30.533333,-30.533333,4.347619,4.347619,2.000000,-0.266667,40.507692,-3.200000,-2,-1.800000,13.000000,-3.040911,0.045612,-3.825611,0.021340,-2.940519,0.050187,-3.442755,0.030986,0.037031
8,11.000000,SHERIFF BART,T,A,1760,1.900000,1.900000,2.153993,0,0,1.000000,3.000000,0.022889,0.021850,1,3.000000,0,-0.066667,-1.133333,3.000000,639.078400,0.066667,0.000000,3.954138,1.394231,0.786471,0.066667,0.517241,0.600000,0.000000,0.132168,-10.533333,-10.533333,3.347619,3.347619,3.000000,0.733333,-3.892308,7.800000,3,4.200000,14.000000,-1.650486,0.161043,-1.213851,0.229020,-1.335462,0.208257,-1.264807,0.220147,0.204617
8,12.000000,SHOW OF FORCE,T,A,1760,1.822222,4.400000,6.153993,0,0,0.237654,0.250000,-0.017430,-0.015381,1,4.000000,0,0.933333,2.866667,3.000000,259.210000,0.066667,-0.015000,1.704971,1.490385,1.641331,2.066667,1.448276,0.600000,-3.333333,-0.023560,40.466667,40.466667,5.347619,5.347619,4.000000,-0.266667,-17.092308,-6.200000,3,-1.800000,22.000000,-2.468246,0.078114,-3.439776,0.031075,-2.884019,0.052949,-3.649503,0.025345,0.046871
8,13.000000,B B PRINCE,T,A,1760,0.333333,2.000000,-10.000000,0,0,1.000000,0.250000,-0.031685,-0.006871,0,5.000000,0,-0.316667,3.866667,3.000000,143.280900,0.066667,-0.015000,2.789944,0.144231,0.150000,-5.933333,0.724138,-0.400000,-3.333333,-0.281625,-0.533333,-0.533333,4.347619,4.347619,5.000000,-0.266667,-6.492308,-7.200000,-2,0.200000,-9.000000,-3.365782,0.033382,-3.632618,0.025765,-3.083776,0.043781,-4.088517,0.016488,0.029854
8,14.000000,TAUNTING,T,A,1760,-4.666667,-2.500000,-2.046007,0,0,1.000000,0.250000,-0.051182,-0.083710,0,5.000000,0,-0.816667,3.866667,3.000000,64.480900,0.066667,-0.015000,1.620847,0.673077,0.393235,-5.933333,1.344828,0.600000,-4.333333,-0.138768,-0.533333,-0.533333,2.347619,2.347619,6.000000,-0.266667,-11.492308,-8.200000,3,-1.800000,8.000000,-4.143275,0.015623,-3.481508,0.029843,-4.129363,0.015838,-4.118209,0.016013,0.019329
8,15.000000,SHURE,T,A,1760,5.666667,0.000000,4.553993,1,0,1.000000,0.250000,-0.000416,0.133119,0,5.000000,0,-5.066667,-1.133333,0.000000,605.160000,0.066667,0.030000,2.938189,0.000000,1.048628,-1.933333,0.517241,-0.400000,5.666667,0.000000,-10.533333,-10.533333,-6.652381,-6.652381,7.000000,-0.266667,-10.492308,6.800000,-2,-3.800000,-40.000000,-3.270998,0.036580,-3.761608,0.022718,-1.513933,0.180357,-3.266534,0.036737,0.069098
10,1.000000,REB FIVE,T,N,1210,2.125000,1.375000,-5.833333,0,0,0.278219,2.007944,0.063027,-0.017932,1,-3.500000,0,0.108750,-1.750000,1.000000,980.237827,0.125000,-0.015000,4.089683,1.697959,1.294852,1.375000,1.333333,-0.500000,1.500000,0.157177,-43.500000,-43.500000,-1.375000,-1.375000,-3.500000,-0.250000,-9.850000,-0.500000,3,-3.500000,-40.000000,-0.998946,0.269149,-1.508764,0.181122,-2.013988,0.117742,-1.520745,0.179352,0.186841
10,2.000000,THROCKMORTON,T,N,1210,2.125000,1.375000,1.166667,0,0,1.391097,0.456916,-0.035521,-0.013836,1,-2.500000,0,-1.891250,0.250000,0.000000,877.862827,0.125000,-0.015000,2.819331,0.881633,1.077230,1.375000,1.333333,0.500000,1.500000,-0.123449,-43.500000,-43.500000,-7.375000,-7.375000,-2.500000,-0.250000,3.350000,-0.500000,3,-1.500000,-11.000000,-2.069562,0.112091,-1.735032,0.149945,-2.325408,0.089040,-2.016261,0.117506,0.117146
10,3.000000,TWILIGHT DELIGHT,T,N,1210,4.750000,2.375000,1.800000,0,0,1.000000,0.399327,-0.034181,-0.085885,0,-1.500000,1,-0.891250,2.250000,1.000000,466.506002,0.125000,0.000000,3.192198,0.326531,1.248608,-5.625000,0.666667,0.500000,0.000000,0.080254,100.000000,153.500000,5.375000,5.375000,-1.500000,-0.250000,40.000000,8.500000,3,2.500000,32.000000,-1.695212,0.155092,-1.291125,0.215662,-1.270946,0.219095,-1.414199,0.195573,0.196355
10,4.000000,SANDAL'S SONG,T,N,1210,3.750000,1.875000,-0.600000,0,0,0.417329,1.654265,0.089544,-0.002918,0,-0.500000,0,7.108750,0.250000,1.000000,851.983127,0.125000,0.000000,1.946585,1.959184,1.000000,1.375000,0.666667,-0.500000,0.000000,0.163588,-43.500000,-43.500000,6.375000,6.375000,-0.500000,0.750000,40.000000,-7.500000,3,2.500000,10.000000,-0.847010,0.300060,-1.711952,0.152911,-2.502459,0.075686,-1.398138,0.198112,0.181692
10,5.000000,REBEL WITH A CAUSE,T,N,1210,-4.875000,-3.125000,-1.800000,0,0,0.055644,1.556550,0.043212,0.004413,0,0.500000,0,-2.261250,2.250000,1.000000,250.232852,0.125000,-0.015000,2.276340,1.632653,0.605386,-1.625000,0.666667,0.500000,-3.500000,0.020254,1.500000,1.500000,0.375000,0.375000,0.500000,-0.250000,40.000000,5.500000,-2,-1.500000,-25.000000,-2.657141,0.065550,-2.663901,0.065137,-2.355433,0.086635,-2.984706,0.048122,0.066361
10,6.000000,KETCHUM,T,N,1210,-2.250000,-1.125000,-3.900000,0,0,0.072337,0.254935,-0.001487,0.029146,0,1.500000,0,-1.391250,0.250000,2.000000,74.282852,0.125000,0.000000,1.933168,0.097959,0.619464,-2.625000,0.666667,0.500000,0.000000,-0.086412,33.500000,33.500000,-4.625000,-4.625000,1.500000,-0.250000,40.000000,2.500000,-2,2.500000,33.000000,-3.436104,0.031186,-2.741556,0.060565,-2.373406,0.085223,-3.120083,0.042286,0.054815
10,7.000000,WALTER THE MASON,T,N,1210,-7.250000,-3.625000,4.160000,0,0,0.055644,0.250000,-0.082719,-0.020321,1,2.500000,0,3.108750,-1.750000,1.000000,1.000000,0.125000,0.000000,1.726350,0.457143,1.664810,1.375000,1.555556,-0.500000,0.000000,-0.205460,-43.500000,-43.500000,1.625000,1.625000,2.500000,-0.250000,-13.450000,-9.500000,-2,-1.500000,-8.000000,-3.969780,0.018528,-3.844824,0.020942,-4.437241,0.011690,-3.447453,0.030845,0.020501
10,8.000000,OUTFIELDER,T,N,1210,1.125000,0.875000,4.920000,0,0,3.000000,1.610465,-0.041875,0.107334,0,3.500000,0,-3.891250,-1.750000,1.000000,1004.176877,0.125000,-0.015000,5.414045,0.946939,0.489650,4.375000,1.111111,-0.500000,0.500000,-0.005953,-14.500000,-14.500000,-0.375000,-0.375000,3.500000,0.750000,19.950000,1.500000,3,0.500000,32.000000,-1.938990,0.125759,-0.694904,0.332943,-0.645065,0.344102,-0.822897,0.305149,0.276988
