race,wager_type,bet_amount,payoff,number_correct,winning_numbers,pool,carryover
1,Exacta,1.0,42.01,,2-5,255909.0,
1,Superfecta,0.1,100.04,,2-5-3-7,58650.0,
1,Trifecta,0.5,101.95,,2-5-3,119480.0,
2,Daily Double,1.0,5.66,,2-1,90736.0,
2,Exacta,1.0,6.42,,1-5,242047.0,
2,Superfecta,0.1,9.53,,1-5-2-3,55272.0,
2,Trifecta,0.5,16.96,,1-5-2,111055.0,
3,Daily Double,1.0,12.63,,1-10,59484.0,
3,Exacta,1.0,30.79,,10-11,442257.0,
3,Superfecta,0.1,133.45,,10-11-4-9,118714.0,
3,Trifecta,0.5,119.67,,10-11-4,215507.0,
3,Pick Three,1.0,38.33,3,2-1-10,113512.0,
4,Daily Double,1.0,26.48,,10-3,56228.0,
4,Exacta,1.0,11.9,,3-1,191549.0,
4,Trifecta,0.5,14.45,,3-1-4,100578.0,
4,Pick Three,1.0,41.59,3,1-10-3,45225.0,
5,Daily Double,1.0,8.8,,3-10,61518.0,
5,Exacta,1.0,8.91,,10-9,318718.0,
5,Superfecta,0.1,12.8,,10-9-4-5,101062.0,
5,Trifecta,0.5,15.38,,10-9-4,177396.0,
5,Pick Three,1.0,62.54,3,10-3-10,86449.0,
5,Pick Four,0.5,62.12,4,1-10-3-2/8/10,228724.0,
5,Pick Five,0.5,4.16,4,2-1-10-3-2/8/10,0.0,
5,Pick Five,0.5,174.79,5,2-1-10-3-2/8/10,573479.0,
6,Daily Double,1.0,15.66,,10-6,65112.0,
6,Exacta,1.0,34.35,,6-3,440529.0,
6,Superfecta,0.1,102.18,,6-3-10-1,139602.0,
6,Trifecta,0.5,49.12,,6-3-10,236271.0,
6,Pick Three,1.0,40.56,3,3-10-6,105311.0,
7,Daily Double,1.0,24.4,,6-4,68245.0,
7,Exacta,1.0,48.68,,4-1,353445.0,
7,Superfecta,0.1,33.83,,4-1-6-7,110200.0,
7,Trifecta,0.5,80.86,,4-1-6,200720.0,
7,Pick Three,1.0,88.13,3,10-6-4,100365.0,
8,Daily Double,1.0,66.12,,4-9,91744.0,
8,Exacta,1.0,47.71,,9-2,482141.0,
8,Superfecta,0.1,583.31,,9-2-10-11,142152.0,
8,Trifecta,0.5,159.76,,9-2-10,250070.0,
8,Pick Three,1.0,326.04,3,6-4-9,105754.0,
9,Daily Double,1.0,58.83,,9-6,82037.0,
9,Exacta,1.0,12.22,,6-1,397554.0,
9,Superfecta,0.1,19.71,,6-1-2-4,118668.0,
9,Trifecta,0.5,11.13,,6-1-2,217416.0,
9,Pick Three,1.0,287.39,3,4-9-6,71174.0,
10,Daily Double,1.0,28.92,,6-3,174886.0,
10,Exacta,1.0,11.48,,3-7,504938.0,
10,Superfecta,0.1,16.95,,3-7-1-2,167736.0,
10,Trifecta,0.5,30.19,,3-7-1,274631.0,
10,Pick Three,1.0,253.94,3,9-6-3,114336.0,
10,Pick Three,3.0,517.02,3,KEE TURF P3 6-9-3,172238.0,
10,Pick Four,0.5,535.94,4,4-9-6-3/8,405398.0,
10,Pick Five,0.5,35.14,4,6-4-9-6-3/8,0.0,
10,Pick Five,0.5,3160.65,5,6-4-9-6-3/8,892076.0,
10,Pick Six,1.0,199.74,5,2/8/10-6-4-9-6-3/8,0.0,
10,Pick Six,1.0,23912.88,6,2/8/10-6-4-9-6-3/8,303967.0,
11,Daily Double,1.0,17.38,,3-2,197575.0,
11,Exacta,1.0,43.33,,2-1,433351.0,
11,Superfecta,0.1,545.74,,2-1-12-11,166839.0,
11,Super High Five,1.0,0.0,,2-1-12-11-5,20166.0,25541.0
11,Trifecta,0.5,362.26,,2-1-12,252426.0,
11,Pick Three,3.0,423.3,3,6-3-2,267622.0,
11,Pick Four,0.5,728.04,4,9-6-3/8-2,343708.0,
