date,track,race,pn,HorseName,Surface,RaceType,field,ProbToWin,ml_novig,value_ml,pct,rank,final_odds,clv,finish,won,win_payout,gold,rank1_value,rank1,top50_value
20261002,KEE,1,1,HEARTBEAT,D,R,10,0.1115200189409068,0.0741126167907155,1.5047373007463083,0.4,4.0,16.86,1.9917475382845964,2,False,35.72,True,False,False,True
20261002,KEE,1,2,SWEET BEBSI,D,R,10,0.0670199947191368,0.0388208945094224,1.726389759073429,0.8,8.0,14.4,1.0321079186747069,6,False,30.8,False,False,False,False
20261002,KEE,1,3,NOROOMFORMISCHIEF,D,R,10,0.0827172660487079,0.1482252335814311,0.558051176915604,0.5,5.0,3.98,0.4119319849225656,3,False,9.96,False,False,False,False
20261002,KEE,1,4,HOLLYBYGOLLY,D,R,10,0.079038050268589,0.0905820871886523,0.8725571768287811,0.6,6.0,9.37,0.8196245812852679,8,False,20.74,False,False,False,False
20261002,KEE,1,6,OUR SHENANIGAN,D,R,10,0.191927112164681,0.1164626835282673,1.6479708894746297,0.1,1.0,13.02,2.690818112548828,7,False,28.04,True,True,True,True
20261002,KEE,1,7,MODERN SOUND,D,R,10,0.0633606470885707,0.1358731307829785,0.4663221250842645,0.9,9.0,6.81,0.4948466537617376,9,False,15.62,False,False,False,False
20261002,KEE,1,8,QUEEN OF QUEENS,D,R,10,0.1495125850257296,0.2038096961744678,0.7335891659332142,0.2,2.0,1.84,0.4246157414730721,5,False,5.68,False,False,False,False
20261002,KEE,1,9,EPIC PRANKSTER,D,R,10,0.068067787695063,0.0627106757459901,1.0854258367550045,0.7,7.0,27.9,1.9671590643873225,4,False,57.8,False,False,False,False
20261002,KEE,1,10,MOM'S CHEESECAKE,D,R,10,0.1268561740506703,0.0388208945094224,3.267729289954418,0.3,3.0,12.23,1.6783071826903686,10,False,26.46,True,False,False,True
20261002,KEE,1,11,BELLE OFTHE DANCE,D,R,10,0.0599803639979446,0.0905820871886523,0.6621658416086776,1.0,10.0,8.0,0.5398232759815015,1,True,18.0,False,False,False,False
20261002,KEE,2,1,NATIONAL ECLIPSE,D,C,10,0.2618635047197493,0.2236877409515202,1.1706654267499754,0.1,1.0,1.71,0.7096500977905207,1,True,5.42,False,False,True,False
20261002,KEE,2,2,RAISING KANE,D,C,10,0.052271412184484,0.0711733721209382,0.7344237125039422,0.6,6.0,13.41,0.753231049578415,3,False,28.82,False,False,False,False
20261002,KEE,2,3,JUS TOO FLY,D,C,10,0.0226011483065057,0.0372812901585867,0.606232998116892,0.9,9.0,33.25,0.7740893294978235,2,False,68.5,False,False,False,False
20261002,KEE,2,4,MENA,D,C,10,0.1789452963183469,0.1565814186660641,1.142825871950857,0.3,3.0,3.12,0.7372546208315894,4,False,8.24,False,False,False,False
20261002,KEE,2,5,VINO COURAGIO,D,C,10,0.0248368498509952,0.0372812901585867,0.6662014577645923,0.8,8.0,43.03,1.093566498939319,5,False,88.06,False,False,False,False
20261002,KEE,2,6,PROFESSOR HIGGINS,D,C,10,0.0398331457235348,0.0711733721209382,0.5596636008175935,0.7,7.0,39.33,1.606470767030159,8,False,80.66,False,False,False,False
20261002,KEE,2,7,MANFREDI,D,C,10,0.2002115494910825,0.1957267733325801,1.0229134526776351,0.2,2.0,3.47,0.894945626225139,9,False,8.940000000000001,False,False,False,False
20261002,KEE,2,8,SPECIAL JUSTICE,D,C,10,0.1280434225994595,0.0711733721209382,1.7990354929633987,0.4,4.0,7.94,1.144708198039169,7,False,17.880000000000003,True,False,False,True
20261002,KEE,2,9,STOLEN POWER,D,C,10,0.0749699212629882,0.0869896770367023,0.861825492596751,0.5,5.0,11.5,0.9371240157873528,6,False,25.0,False,False,False,False
20261002,KEE,2,10,CONTRARY CHIEFTAIN,D,C,10,0.0164237495428536,0.048931693333145,0.3356464578291757,1.0,10.0,51.66,0.864874650926672,10,False,105.32,False,False,False,False
20261002,KEE,3,1,SHARPIE GIRL,D,A,7,0.0695025735247747,0.0866044314475312,0.8025290665048993,0.8571428571428571,6.0,14.97,1.109956099190653,7,False,31.94,False,False,False,False
20261002,KEE,3,2,SEASIDE STARTUP,D,A,7,0.2785914609193061,0.1732088628950624,1.608413427943864,0.1428571428571428,1.0,5.38,1.7774135206651729,1,True,12.76,True,True,True,True
20261002,KEE,3,3,VELVET BERETTA,D,A,7,0.1271543562024113,0.0371161849060848,3.425846609077696,0.4285714285714285,3.0,18.47,2.475695315260949,6,False,38.94,True,False,False,True
20261002,KEE,3,4,MASTER QUEEN,D,A,7,0.0798413220412385,0.0708581711843437,1.1267764988391296,0.7142857142857143,5.0,4.46,0.4359336183451623,2,False,10.92,False,False,False,False
20261002,KEE,3,5,CHICKIES PERCH,D,A,7,0.0592179687806799,0.0866044314475312,0.6837752732844491,1.0,7.0,6.05,0.4174866799037939,5,False,14.1,False,False,False,False
20261002,KEE,3,6,WASHTON,D,A,7,0.1113335642472099,0.1558879766055561,0.7141895524689351,0.5714285714285714,4.0,10.73,1.305942708619773,3,False,23.46,False,False,False,False
20261002,KEE,3,7,VIRABHADRASANA,D,A,7,0.2743587542843792,0.3897199415138904,0.7039895192907406,0.2857142857142857,2.0,0.96,0.5377431583973833,4,False,3.92,False,False,False,False
20261002,KEE,4,2,HATHAWAY,D,S,9,0.0326170977202927,0.0529093379848764,0.616471476729041,0.8888888888888888,8.0,13.35,0.4680553522862005,6,False,28.7,False,False,False,False
20261002,KEE,4,3,CARTIER GOLD,D,S,9,0.0626521345938763,0.0854689305909542,0.7330398796461282,0.5555555555555556,5.0,10.7,0.7330299747483537,4,False,23.4,False,False,False,False
20261002,KEE,4,4,SHEWONTBUDGE,D,S,9,0.0919312719680498,0.1587280139546293,0.5791748392588559,0.4444444444444444,4.0,7.1,0.7446433029412041,7,False,16.2,False,False,False,False
20261002,KEE,4,6,TOUCH OF AN ANGEL,D,S,9,0.1763347786683696,0.1010087361529459,1.7457378973771749,0.2222222222222222,2.0,8.37,1.6522568761226233,9,False,18.74,True,False,False,True
20261002,KEE,4,7,RULES AND REGS,D,S,9,0.0591978924759793,0.1851826829470675,0.3196729388184768,0.6666666666666666,6.0,7.09,0.4789109501306725,2,False,16.18,False,False,False,False
20261002,KEE,4,8,MAXFIELD'S DREAM,D,S,9,0.0204138801526652,0.0217861979937726,0.9370097599636392,1.0,9.0,47.06,0.9810910801370912,5,False,96.12,False,False,False,False
20261002,KEE,4,9,PARISINTHESPRING,D,S,9,0.0369610104106831,0.0694435061051503,0.5322457416639844,0.7777777777777778,7.0,11.27,0.4535115977390825,8,False,24.54,False,False,False,False
20261002,KEE,4,11,COGNITION,D,S,9,0.3803522346568434,0.1234551219647116,3.0808947300344736,0.1111111111111111,1.0,1.8,1.0649862570391615,1,True,5.6,True,True,True,True
20261002,KEE,4,12,STAGED,D,S,9,0.1395396993532403,0.2020174723058918,0.6907308450130063,0.3333333333333333,3.0,3.49,0.6265332500960489,3,False,8.98,False,False,False,False
20261002,KEE,5,1,QUIET STREET,T,A,11,0.2466350070657205,0.076195077886201,3.236888968524648,0.0909090909090909,1.0,4.11,1.2603048861058324,3,False,10.22,True,True,True,True
20261002,KEE,5,2,LA PUMA,T,A,11,0.0590721271530312,0.0931273174164679,0.6343157817899886,0.4545454545454545,5.0,11.92,0.7632118828171642,1,True,25.84,False,False,False,False
20261002,KEE,5,5,ALPENGLOW,T,A,11,0.0284181544440831,0.02703696312091,1.0510852981896073,0.9090909090909092,10.0,36.39,1.0625547946642693,7,False,74.78,False,False,False,False
20261002,KEE,5,6,ROCKET RANIA,T,A,11,0.050705932800142,0.02703696312091,1.87543003899453,0.6363636363636364,7.0,36.55,1.9040077766453325,10,False,75.1,False,False,False,False
20261002,KEE,5,7,NOW OR NEVERMORE,T,A,11,0.0269115999461555,0.0644727582114009,0.4174104023580717,1.0,11.0,24.86,0.6959339746075818,8,False,51.72,False,False,False,False
20261002,KEE,5,8,PILLAR OF BEAUTY,T,A,11,0.0584223424516919,0.0931273174164679,0.627338401582273,0.5454545454545454,6.0,12.87,0.8103178898049678,9,False,27.74,False,False,False,False
20261002,KEE,5,9,TRISKELION,T,A,11,0.0489633643870683,0.0644727582114009,0.7594426816132395,0.7272727272727273,8.0,17.73,0.9170838149697894,5,False,37.46,False,False,False,False
20261002,KEE,5,10,LIGHT WON UP,T,A,11,0.2019556637886232,0.1523901557724021,1.325254001907106,0.1818181818181818,2.0,3.8,0.9693871861853912,6,False,9.6,False,False,False,True
20261002,KEE,5,11,CADENZA,T,A,11,0.1620250087894082,0.1862546348329359,0.8699112853472835,0.2727272727272727,3.0,2.39,0.5492647797960938,4,False,6.78,False,False,False,False
20261002,KEE,5,12,LAIGINA,T,A,11,0.0860055258528274,0.1396909761247019,0.6156841926285236,0.3636363636363636,4.0,8.51,0.8179125508603893,2,False,19.02,False,False,False,False
20261002,KEE,5,13,OFFICE,T,A,11,0.0308852733212481,0.076195077886201,0.4053447306317606,0.8181818181818182,9.0,9.88,0.3360317737351804,11,False,21.76,False,False,False,False
20261002,KEE,6,1,SUPER SAIYAJIN,D,S,10,0.0064971564483772,0.0250945065551355,0.2589075196239582,1.0,10.0,77.0,0.5067782029734293,10,False,156.0,False,False,False,False
20261002,KEE,6,2,GENERAL JACK,D,S,10,0.037530709532765,0.1111328147441716,0.3377104199075757,0.7,7.0,11.32,0.4623783414436649,5,False,24.64,False,False,False,False
20261002,KEE,6,3,KINGSIDE,D,S,10,0.0783810295127047,0.1728732673798225,0.4534016780078123,0.3,3.0,6.78,0.6098044096088429,1,True,15.56,False,False,False,False
20261002,KEE,6,4,SALTWATER SOUL,D,S,10,0.0540539779798875,0.0598407464007078,0.9032971884730394,0.5,5.0,6.67,0.4145940111057372,8,False,15.34,False,False,False,False
20261002,KEE,6,5,OVERTIME BONUS,D,S,10,0.0732769183553077,0.0864366336899112,0.8477530327960991,0.4,4.0,16.9,1.3116568385600085,2,False,35.8,False,False,False,False
20261002,KEE,6,6,T V TIME OUT,D,S,10,0.2152873853829595,0.1111328147441716,1.9372080683689363,0.2,2.0,10.15,2.400454347019999,4,False,22.3,True,False,False,True
20261002,KEE,6,7,REDMOOR,D,S,10,0.0273738008179538,0.048620606450575,0.5630082143418035,0.8,8.0,43.52,1.2186816124153057,9,False,89.04,False,False,False,False
20261002,KEE,6,8,NATIONAL FOREST,D,S,10,0.4514405654701463,0.2992037320035389,1.5088065995941746,0.1,1.0,0.71,0.7719633669539503,6,False,3.42,True,True,True,True
20261002,KEE,6,9,KNICKS DIAMONDS,D,S,10,0.0392323806204241,0.048620606450575,0.8069085000061762,0.6,6.0,14.93,0.6249718232833568,3,False,31.86,False,False,False,False
20261002,KEE,6,10,DRAIN THE BOURBON,D,S,10,0.0169260758794738,0.0370442715813905,0.4569147983456841,0.9,9.0,41.8,0.7244360476414792,7,False,85.6,False,False,False,False
20261002,KEE,7,1,MAD HOUSE,D,G2,8,0.1273589900776808,0.0960395370137015,1.3261099963394358,0.375,3.0,5.05,0.7705218899699688,3,False,12.1,False,False,False,True
20261002,KEE,7,2,BOOTH,D,G2,8,0.0793103638096775,0.1509192724501023,0.525515148079577,0.625,5.0,6.72,0.6122760086107106,4,False,15.44,False,False,False,False
20261002,KEE,7,3,LITTLE THUNDER,D,G2,8,0.1119377668883344,0.0660271816969197,1.6953285603216413,0.5,4.0,7.99,1.0063205243261266,2,False,17.98,True,False,False,True
20261002,KEE,7,4,VERIFIRE,D,G2,8,0.4078506099790322,0.3018385449002047,1.3512210977358037,0.125,1.0,1.6,1.060411585945484,7,False,5.2,False,True,True,True
20261002,KEE,7,5,CLASSIC OF COURSE,D,G2,8,0.0294105398207842,0.0503064241500341,0.5846279141818963,1.0,8.0,37.96,1.1458346314177532,5,False,77.92,False,False,False,False
20261002,KEE,7,9,JACK'S PROMISE,D,G2,8,0.0444616961159674,0.0340785453919585,1.3046829201359909,0.75,6.0,21.82,1.0146159053663772,6,False,45.64,False,False,False,False
20261002,KEE,7,10,NAKATOMI,D,G2,8,0.1613191665431185,0.2347633127001592,0.6871566288943798,0.25,2.0,2.32,0.5355796329231535,1,True,6.64,False,False,False,False
20261002,KEE,7,11,HERE MI SONG,D,G2,8,0.0383508667654049,0.0660271816969197,0.5808345257176712,0.875,7.0,31.67,1.2529228172257785,8,False,65.34,False,False,False,False
20261002,KEE,8,1,PROS AND CONS,T,G2,11,0.1339236373867619,0.0700067178163561,1.9130112304089832,0.1818181818181818,2.0,10.28,1.5106586297226745,9,False,22.56,True,False,False,True
20261002,KEE,8,2,MEL WENT HOME,T,G2,11,0.0583638015436688,0.0568804582257893,1.0260782589336968,0.6363636363636364,7.0,16.69,1.0324556493075012,3,False,35.38,False,False,False,False
20261002,KEE,8,3,MONIQUE EN VOL,T,G2,11,0.0710044228244225,0.1820174663225259,0.3900967542236097,0.5454545454545454,6.0,2.68,0.2612962759938749,6,False,7.36,False,False,False,False
20261002,KEE,8,4,BEAUTIFUL HARPER,T,G2,11,0.0352567396489656,0.0568804582257893,0.6198392338720711,0.8181818181818182,9.0,24.74,0.9075084785643748,10,False,51.48,False,False,False,False
20261002,KEE,8,5,SENECA PARK,T,G2,11,0.3185004264025727,0.165470423929569,1.924817854688881,0.0909090909090909,1.0,2.91,1.2453366672340591,2,False,7.82,True,True,True,True
20261002,KEE,8,6,GLYCOGEN,T,G2,11,0.1123903778681465,0.1011208146236255,1.1114465235121636,0.2727272727272727,3.0,4.66,0.6361295387337093,8,False,11.32,False,False,False,False
20261002,KEE,8,7,GOLDEN MAIDEN,T,G2,11,0.0897293442657144,0.0700067178163561,1.281724769629899,0.3636363636363636,4.0,10.6,1.0408603934822869,11,False,23.2,False,False,False,True
20261002,KEE,8,9,QUIBBLER,T,G2,11,0.0314866349231339,0.0568804582257893,0.5535580391801066,0.9090909090909092,10.0,12.87,0.4367196263838673,4,False,27.74,False,False,False,False
20261002,KEE,8,10,SERENAS GHOST,T,G2,11,0.0217704701275922,0.0827352119647845,0.2631342763327743,1.0,11.0,22.72,0.5163955514264885,1,True,47.44,False,False,False,False
20261002,KEE,8,11,ELEGANTE MIZ,T,G2,11,0.048578891359293,0.1011208146236255,0.4804044700401701,0.7272727272727273,8.0,13.17,0.6883628905611832,5,False,28.34,False,False,False,False
20261002,KEE,8,12,MIGHTILY,T,G2,11,0.0789952536497281,0.0568804582257893,1.3887942557732778,0.4545454545454545,5.0,30.39,2.479661012064966,7,False,62.78,False,False,False,True
20261002,KEE,9,1,EMPHATIC,D,G1,7,0.1659858275001994,0.1640324354040681,1.0119085721754932,0.4285714285714285,3.0,3.39,0.7286777827258758,1,True,8.78,False,False,False,False
20261002,KEE,9,2,FOR THE MONEY,D,G1,7,0.0431623211060218,0.0264568444200109,1.6314236278826748,1.0,7.0,64.55,2.8292901484997315,7,False,131.1,False,False,False,False
20261002,KEE,9,3,EVER FORWARD,D,G1,7,0.0515550921970977,0.0390553417628733,1.320052260971553,0.8571428571428571,6.0,35.38,1.8755742541304148,4,False,72.76,False,False,False,False
20261002,KEE,9,4,OH SHE SAID YES,D,G1,7,0.0757767910572454,0.07456019791094,1.016316924852567,0.7142857142857143,5.0,19.28,1.5367533226409371,3,False,40.56,False,False,False,False
20261002,KEE,9,5,SUMMER STARLET,D,G1,7,0.3566063075405007,0.4556456539001893,0.7826395456382791,0.1428571428571428,1.0,0.85,0.6597216689499266,2,False,3.7,False,False,True,False
20261002,KEE,9,6,FOREVER CARINA,D,G1,7,0.2236428402106032,0.1491203958218801,1.4997468252279715,0.2857142857142857,2.0,2.46,0.7738042271286871,5,False,6.92,False,False,False,True
20261002,KEE,9,7,HIGH SPEED REED,D,G1,7,0.0832708203883315,0.0911291307800378,0.9137673066291584,0.5714285714285714,4.0,22.95,1.9943361483005404,6,False,47.9,False,False,False,False
20261002,KEE,10,1,CHILLAX,T,A,12,0.053573757065653,0.0373306389626298,1.4351149231408429,0.8333333333333334,10.0,24.11,1.3452370399185491,12,False,50.22,False,False,False,False
20261002,KEE,10,2,HIGHLY CONNECTED,T,A,12,0.0214105678777991,0.0489964636384516,0.4369819021182683,1.0,12.0,32.29,0.7127578046519348,7,False,66.58,False,False,False,False
20261002,KEE,10,3,QUIET MISCHIEF,T,A,12,0.0379385192064645,0.0252884973617815,1.5002282920851189,0.9166666666666666,11.0,53.09,2.052094503877665,9,False,108.18,False,False,False,False
20261002,KEE,10,4,LAHAINALUNA,T,A,12,0.1260761274948619,0.0603033398627097,2.090698919527417,0.1666666666666666,2.0,6.51,0.946831717486413,8,False,15.02,True,False,False,True
20261002,KEE,10,5,TIMESTREAM,T,A,12,0.0675469963454347,0.0252884973617815,2.6710561477455945,0.5833333333333334,7.0,17.49,1.2489439624270886,6,False,36.98,False,False,False,False
20261002,KEE,10,6,MICHAEL'S COVE,T,A,12,0.0753949859063142,0.0489964636384516,1.5387842368106222,0.5,6.0,9.83,0.8165276973653837,1,True,21.66,True,False,False,True
20261002,KEE,10,7,MY BOY TONY,T,A,12,0.054955619049385,0.0871048242461363,0.6309136092634127,0.75,9.0,7.9,0.4891050095395273,3,False,17.8,False,False,False,False
20261002,KEE,10,8,KRAVITZ,T,A,12,0.0565438950092048,0.0712675834741115,0.7934027260759422,0.6666666666666666,8.0,11.8,0.7237618561178223,10,False,25.6,False,False,False,False
20261002,KEE,10,9,LAZLO,T,A,12,0.1130010764302572,0.1306572363692044,0.8648665743315175,0.3333333333333333,4.0,5.63,0.7491971367326056,5,False,13.26,False,False,False,False
20261002,KEE,10,10,CARAGOGO,T,A,12,0.0923929044516033,0.1119919168878895,0.8249961873953278,0.4166666666666667,5.0,14.32,1.4154592961985628,2,False,30.64,False,False,False,False
20261002,KEE,10,11,DOCTRINE,T,A,12,0.1808030621758587,0.1567886836430454,1.153163978259336,0.0833333333333333,1.0,5.48,1.1716038428995643,11,False,12.96,False,False,True,False
20261002,KEE,10,12,THE BRIGADE,T,A,12,0.120362488987163,0.1959858545538067,0.6141386543492515,0.25,3.0,2.81,0.4585810830410911,4,False,7.62,False,False,False,False
20261003,KEE,1,1,UR A COLLECTION,D,S,8,0.0416494968806483,0.0862875245135012,0.4826827182199609,1.0,8.0,37.18,1.5901777909031525,6,False,76.36,False,False,False,False
20261003,KEE,1,2,COMMENTATE,D,S,8,0.2041350847469361,0.1941469301553779,1.0514463689102096,0.25,2.0,2.01,0.6144466050882778,1,True,6.02,False,False,False,False
20261003,KEE,1,3,SUMMIT RIDGE,D,S,8,0.1095299888135896,0.0597375169708855,1.833520949104256,0.5,4.0,14.58,1.706477225715726,3,False,31.16,True,False,False,True
20261003,KEE,1,4,DREAM MACHINE,D,S,8,0.3373483931221298,0.2773527573648255,1.216315266981056,0.125,1.0,2.04,1.0255391150912747,5,False,6.08,False,False,True,False
20261003,KEE,1,5,ALWORTH,D,S,8,0.0418444170449761,0.1411977673857294,0.2963532484948152,0.875,7.0,17.8,0.7866750404455521,2,False,37.6,False,False,False,False
20261003,KEE,1,6,NOBLE ANTHEM,D,S,8,0.0736258853660141,0.0597375169708855,1.2324898840689589,0.75,6.0,13.71,1.0830367737340678,8,False,29.42,False,False,False,False
20261003,KEE,1,7,MAYFIELD,D,S,8,0.1181351694019242,0.1109411029459302,1.0648458169692094,0.375,3.0,2.79,0.4477322920332928,4,False,7.58,False,False,False,False
20261003,KEE,1,8,UNLIMITED,D,S,8,0.0737315646237815,0.0705988836928647,1.0443729527586487,0.625,5.0,17.08,1.3330666883979696,7,False,36.16,False,False,False,False
20261003,KEE,2,1,CHANCERY,D,A,6,0.3212071939006219,0.306405330480035,1.048308113300109,0.1666666666666666,1.0,0.51,0.4850228627899391,1,True,3.02,False,False,True,False
20261003,KEE,2,2,GAME SAYAYIN,D,A,6,0.1133584860099965,0.0885170954720101,1.280639467500846,0.6666666666666666,4.0,17.4,2.085796142583937,3,False,36.8,False,False,False,False
20261003,KEE,2,3,NEVER A DOUBT,D,A,6,0.1518831332669077,0.1138076941782987,1.3345594457696108,0.5,3.0,10.25,1.7086852492527116,4,False,22.5,False,False,False,True
20261003,KEE,2,4,NEVER SLEEP,D,A,6,0.2569583608147522,0.1327756432080151,1.9352823650960156,0.3333333333333333,2.0,5.47,1.6625205944714472,5,False,12.94,False,False,False,True
20261003,KEE,2,5,DORMIE,D,A,6,0.0864935185418842,0.1593307718496182,0.5428550777593658,0.8333333333333334,5.0,9.15,0.8779092132001254,2,False,20.3,False,False,False,False
20261003,KEE,2,6,MAKER OF MISCHIEF,D,A,6,0.0700993074658372,0.1991634648120227,0.3519687083773088,1.0,6.0,6.37,0.5166318960232205,6,False,14.74,False,False,False,False
20261003,KEE,3,1,MARCINKOWSKI,T,A,11,0.0503260062052504,0.0872298816668367,0.5769353946559744,0.6363636363636364,7.0,10.23,0.5651610496849624,5,False,22.46,False,False,False,False
20261003,KEE,3,2,TEMPLE GODDESS,T,A,11,0.0265938997474576,0.0253248043548881,1.0501127422263623,1.0,11.0,74.69,2.012892271885071,7,False,151.38,False,False,False,False
20261003,KEE,3,3,MARKET CHILL,T,A,11,0.0741131760439875,0.0872298816668367,0.8496305924964245,0.5454545454545454,6.0,7.45,0.6262563375716946,9,False,16.9,False,False,False,False
20261003,KEE,3,4,PASEO,T,A,11,0.0782919685719169,0.0713699031819573,1.09698857755645,0.4545454545454545,5.0,7.84,0.6921010021757459,3,False,17.68,False,False,False,False
20261003,KEE,3,5,EPISIST,T,A,11,0.1764760648141684,0.1121527050002187,1.573533735221315,0.0909090909090909,1.0,4.48,0.9670888351816428,10,False,10.96,True,True,True,True
20261003,KEE,3,6,MISS PHARAOH,T,A,11,0.0409393111692662,0.0603899180770408,0.6779163223410735,0.7272727272727273,8.0,9.41,0.4261782292720616,6,False,20.82,False,False,False,False
20261003,KEE,3,7,WINNING STREEP,T,A,11,0.0303703453750056,0.0373842350000729,0.8123837594897009,0.9090909090909092,10.0,20.84,0.6632883429901242,8,False,43.68,False,False,False,False
20261003,KEE,3,8,CLASSIC GLIDE,T,A,11,0.0338351903213328,0.0490668084375956,0.6895738972785498,0.8181818181818182,9.0,31.76,1.1084408349268655,11,False,65.52000000000001,False,False,False,False
20261003,KEE,3,9,CHARM OF VENICE,T,A,11,0.1722035371327288,0.1308448225002551,1.316089806552284,0.1818181818181818,2.0,5.33,1.0900483900501732,4,False,12.66,False,False,False,True
20261003,KEE,3,10,SIOUXSE,T,A,11,0.1515344557190842,0.1427398063639147,1.061613151784356,0.3636363636363636,4.0,6.29,1.1046861821921237,1,True,14.58,False,False,False,False
20261003,KEE,3,11,TULIP,T,A,11,0.1653160448998012,0.1962672337503827,0.8423007841953588,0.2727272727272727,3.0,3.81,0.7951701759680438,2,False,9.62,False,False,False,False
20261003,KEE,4,1,AUTODRIVE,D,AO,5,0.2733298086901147,0.17163760999242,1.5924820247857434,0.4,2.0,4.6,1.5306469286646425,2,False,11.2,False,False,False,True
20261003,KEE,4,2,FLOODLITES,D,AO,5,0.3068885274294196,0.3933361895659625,0.7802194040880501,0.2,1.0,1.24,0.6874303014419,4,False,4.48,False,False,True,False
20261003,KEE,4,3,C K WONDER,D,AO,5,0.2304417446247972,0.2697162442738028,0.8543858574230475,0.6,3.0,2.26,0.7512400874768388,1,True,6.52,False,False,False,False
20261003,KEE,4,4,DURANTE,D,AO,5,0.1131645608616596,0.1348581221369014,0.8391378959494958,0.8,4.0,3.94,0.5590329306565984,3,False,9.88,False,False,False,False
20261003,KEE,4,5,TOUCH OF DESTINY,D,AO,5,0.0761753583940089,0.0304518340309132,2.5015031382569397,1.0,5.0,16.1,1.3025986285375522,5,False,34.2,False,False,False,False
20261003,KEE,5,1,URBAN PLANNER,D,AO,8,0.0490461291068359,0.0767119041820717,0.6393548645387224,0.75,6.0,13.1,0.6915504204063867,8,False,28.2,False,False,False,False
20261003,KEE,5,3,FIRST RESORT,D,AO,8,0.0790673369229311,0.1108060838185481,0.7135649433510243,0.625,5.0,3.52,0.3573843628916487,5,False,9.04,False,False,False,False
20261003,KEE,5,4,STOWAWAY,D,AO,8,0.129493212143725,0.1424649649095618,0.9089477699020846,0.375,3.0,4.9,0.7640099516479776,3,False,11.8,False,False,False,False
20261003,KEE,5,5,GROVELAND,D,AO,8,0.0950581563699961,0.0474883216365206,2.001716487215085,0.5,4.0,14.23,1.447735721515042,4,False,30.46,True,False,False,True
20261003,KEE,5,6,COPPER MISSILE,D,AO,8,0.031849706196547,0.0474883216365206,0.6706850252642589,0.875,7.0,39.33,1.2844986509067438,7,False,80.66,False,False,False,False
20261003,KEE,5,7,ARCHIE THE GIZA,D,AO,8,0.0287628763617961,0.0906595231242666,0.3172626037572574,1.0,8.0,33.38,0.9888676893185508,6,False,68.76,False,False,False,False
20261003,KEE,5,9,BULLARD,D,AO,8,0.2113487230945298,0.2849299298191237,0.7417568355444303,0.25,2.0,3.08,0.8623027902256818,2,False,8.16,False,False,False,False
20261003,KEE,5,10,WHO DEY,D,AO,8,0.3753738598036387,0.1994509508733866,1.8820359499911816,0.125,1.0,1.73,1.0247706372639338,1,True,5.46,True,True,True,True
20261003,KEE,6,1,SCRIPT,T,G2,9,0.0654298854604789,0.0390199977488462,1.6768295549789858,0.6666666666666666,6.0,18.15,1.2529823065681716,4,False,38.3,False,False,False,False
20261003,KEE,6,2,MONDOGETSBUCKETS,T,G2,9,0.0604785698827473,0.0512137470453607,1.1809049985969708,0.7777777777777778,7.0,8.52,0.5757559852837548,7,False,19.04,False,False,False,False
20261003,KEE,6,3,NO NAY HUDSON,T,G2,9,0.1589871380742996,0.0910466614139746,1.746216012813589,0.3333333333333333,3.0,7.9,1.4149855288612672,2,False,17.8,True,False,False,True
20261003,KEE,6,5,OKIRO,T,G2,9,0.0284555170292249,0.0630323040558286,0.4514433901071027,0.8888888888888888,8.0,13.97,0.4259790899274975,8,False,29.94,False,False,False,False
20261003,KEE,6,6,JOE SHIESTY,T,G2,9,0.1239315889532949,0.2341199864930777,0.529350743649386,0.4444444444444444,4.0,2.85,0.4771366174701854,1,True,7.7,False,False,False,False
20261003,KEE,6,7,MOTORIOUS,T,G2,9,0.2546234080266409,0.1638839905451544,1.5536807907816073,0.1111111111111111,1.0,7.01,2.039533498293394,6,False,16.02,True,True,True,True
20261003,KEE,6,8,MY BOY PRINCE,T,G2,9,0.1203510174331093,0.136569992120962,0.8812405680342484,0.5555555555555556,5.0,5.94,0.8352360609857792,5,False,13.88,False,False,False,False
20261003,KEE,6,9,ITS BOURBON THIRTY,T,G2,9,0.0131841755385872,0.0390199977488462,0.3378825294518906,1.0,9.0,41.84,0.5648100800730783,9,False,85.68,False,False,False,False
20261003,KEE,6,10,DONCHO,T,G2,9,0.1745586996016165,0.1820933228279493,0.9586221882861028,0.2222222222222222,2.0,2.3,0.5760437086853345,3,False,6.6,False,False,False,False
20261003,KEE,7,1,PRAYING,D,G2,7,0.0276396148189323,0.0613031543066782,0.4508677429657377,1.0,7.0,14.27,0.422056918285097,2,False,30.54,False,False,False,False
20261003,KEE,7,2,JERSEY PEARL,D,G2,7,0.058582943888571,0.049808812874176,1.1761561962249456,0.7142857142857143,5.0,30.06,1.819586237179015,6,False,62.12,False,False,False,False
20261003,KEE,7,3,QUEEN'S MARTINI,D,G2,7,0.0536391071848913,0.0257077743866715,2.086493617771173,0.8571428571428571,6.0,26.87,1.4949219172429211,5,False,55.74,False,False,False,False
20261003,KEE,7,4,EVANESCENCE,D,G2,7,0.1406925241314545,0.1593882011973633,0.8827035067497949,0.4285714285714285,3.0,2.99,0.5613631712845035,1,True,7.98,False,False,False,False
20261003,KEE,7,5,ZEITLOS,D,G2,7,0.0844501378103598,0.1138487151409738,0.7417750626855032,0.5714285714285714,4.0,11.41,1.0480262102265658,7,False,24.82,False,False,False,False
20261003,KEE,7,6,ECLATANT,D,G2,7,0.3949541773734738,0.3622459118121894,1.0902929874285023,0.1428571428571428,1.0,2.08,1.216458866310299,3,False,6.16,False,False,True,False
20261003,KEE,7,7,ECHO SOUND,D,G2,7,0.2400414947923171,0.2276974302819476,1.054212577169116,0.2857142857142857,2.0,1.48,0.5953029070849465,4,False,4.96,False,False,False,False
20261003,KEE,8,2,LUSH LIPS,T,G1,10,0.2330219202153006,0.0914584320380086,2.5478451250778096,0.1,1.0,2.35,0.7806234327212571,2,False,6.7,True,True,True,True
20261003,KEE,8,3,MANDANABA,T,G1,10,0.1247579532738822,0.1829168640760173,0.6820473000348115,0.4,4.0,5.93,0.864572616188004,5,False,13.86,False,False,False,False
20261003,KEE,8,4,EXPENSIVE QUEEN,T,G1,10,0.0863618131578223,0.1496592524258324,0.5770562912615188,0.5,5.0,5.16,0.5319887690521855,6,False,12.32,False,False,False,False
20261003,KEE,8,5,AND ONE MORE TIME,T,G1,10,0.0784330102109219,0.0748296262129162,1.0481545101902938,0.6,6.0,12.04,1.0227664531504224,8,False,26.08,False,False,False,False
20261003,KEE,8,6,DEEP SATIN,T,G1,10,0.056589767525689,0.0914584320380086,0.6187484987952909,0.8,8.0,9.43,0.5902312752929364,7,False,20.86,False,False,False,False
20261003,KEE,8,7,LOVE YOU ANYWAY,T,G1,10,0.034129144617584,0.0265524480110347,1.285348326579928,1.0,10.0,46.1,1.6074827114882109,10,False,94.2,False,False,False,False
20261003,KEE,8,8,SEGESTA,T,G1,10,0.1641308263977428,0.2057814720855195,0.7975976881413923,0.2,2.0,4.42,0.8895890790757662,9,False,10.84,False,False,False,False
20261003,KEE,8,9,CLASSIC Q,T,G1,10,0.0588057004156821,0.0748296262129162,0.7858612075431131,0.7,7.0,9.04,0.5904092321734484,1,True,20.08,False,False,False,False
20261003,KEE,8,10,BLESS THE BROKEN,T,G1,10,0.1290554043571063,0.0633173760263137,2.038230458310101,0.3,3.0,9.97,1.4157377857974571,3,False,21.94,True,False,False,True
20261003,KEE,8,11,VINA ARANA,T,G1,10,0.0347144598282684,0.0391964708734322,0.8856526889975237,0.9,9.0,55.13,1.948522630160707,4,False,112.26,False,False,False,False
20261003,KEE,9,1,COACH POPE,D,G1,6,0.3844809461546592,0.4354119068409909,0.8830280938896526,0.1666666666666666,1.0,0.72,0.6613072273860138,2,False,3.44,False,False,True,False
20261003,KEE,9,2,Q B ROCKET,D,G1,6,0.2658310342817531,0.2612471441045945,1.0175461829175956,0.3333333333333333,2.0,2.83,1.0181328612991147,3,False,7.66,False,False,False,False
20261003,KEE,9,3,PHONE BOOTH,D,G1,6,0.1371911251516457,0.0602878024856756,2.275603347530245,0.5,3.0,12.91,1.9083285508593928,6,False,27.82,False,False,False,True
20261003,KEE,9,4,TITLE WORTHY,D,G1,6,0.0394321104959934,0.0373210205863706,1.056565706844408,1.0,6.0,28.34,1.1569381219524464,4,False,58.68,False,False,False,False
20261003,KEE,9,5,JADED,D,G1,6,0.0735834188034604,0.0489838395196114,1.5021978580098878,0.8333333333333334,5.0,11.76,0.9389244239321552,5,False,25.52,False,False,False,False
20261003,KEE,9,6,AMERICAN HISTORY,D,G1,6,0.0994813651124881,0.1567482864627567,0.6346567950273881,0.6666666666666666,4.0,5.0,0.5968881906749287,1,True,12.0,False,False,False,False
20261003,KEE,10,1,TITLE ROLE,T,G1,8,0.1219053805796539,0.0636262827370541,1.9159594955978727,0.5,4.0,8.05,1.103243694245868,3,False,18.1,True,False,False,True
20261003,KEE,10,2,BRILLIANT BERTI,T,G1,8,0.1048677328566204,0.1181630965116719,0.8874829447810029,0.625,5.0,7.67,0.9092032438668994,4,False,17.34,False,False,False,False
20261003,KEE,10,3,RHETORICAL,T,G1,8,0.1875874822798473,0.2757138918605678,0.6803700786129151,0.25,2.0,1.86,0.5365001993203633,1,True,5.72,False,False,False,False
20261003,KEE,10,4,MERCANTE,T,G1,8,0.042437579406004,0.0516963547238564,0.8209008088227981,1.0,8.0,32.79,1.433965808128877,8,False,67.58,False,False,False,False
20261003,KEE,10,5,PASS THE HAT,T,G1,8,0.076354612180693,0.0919046306201892,0.8308026664754334,0.75,6.0,15.15,1.2331269867181924,6,False,32.3,False,False,False,False
20261003,KEE,10,6,PLENSA,T,G1,8,0.0599219338965434,0.0266819895348936,2.2457820777637227,0.875,7.0,51.67,3.1560882583309406,7,False,105.34,False,False,False,False
20261003,KEE,10,7,LAKE FOREST,T,G1,8,0.1446776426928356,0.1654283351163407,0.8745638562528496,0.375,3.0,3.13,0.5975186643214112,2,False,8.26,False,False,False,False
20261003,KEE,10,9,ZULU KINGDOM,T,G1,8,0.2622476361078022,0.2067854188954259,1.2682114508297333,0.125,1.0,2.79,0.9939185408485705,5,False,7.58,False,True,True,True
20261003,KEE,11,1,NIOSA,D,S,12,0.0571197357455055,0.157834771359736,0.3618957676652792,0.5,6.0,4.82,0.332436862038842,2,False,11.64,False,False,False,False
20261003,KEE,11,2,RIGHT IN TIME,D,S,12,0.0691558388140597,0.1721833869378939,0.4016405998506936,0.4166666666666667,5.0,6.69,0.5318084004801198,1,True,15.38,False,False,False,False
20261003,KEE,11,4,RONNA'S SIZZLER,D,S,12,0.0456027714248384,0.0450956489599245,1.0112454854650068,0.5833333333333334,7.0,15.44,0.7497095622243443,9,False,32.879999999999995,False,False,False,False
20261003,KEE,11,5,STARS IN MY EYES,D,S,12,0.0826389855481301,0.0728468175506474,1.134421356028006,0.3333333333333333,4.0,9.0,0.8263898554813018,5,False,20.0,False,False,False,False
20261003,KEE,11,6,NEUROMAP,D,S,12,0.0370661868714882,0.0450956489599245,0.8219459687658122,0.75,9.0,41.89,1.589768754918129,7,False,85.78,False,False,False,False
20261003,KEE,11,7,PASTYA,D,S,12,0.0943761292402623,0.1352869468797737,0.6975996680901677,0.25,3.0,4.96,0.5624817302719636,11,False,11.92,False,False,False,False
20261003,KEE,11,8,LIAM'S LUCKY LASS,D,S,12,0.0345365937055178,0.0450956489599245,0.7658520168145193,0.8333333333333334,10.0,20.24,0.7335572503051985,8,False,42.48,False,False,False,False
20261003,KEE,11,9,CLOCK,D,S,12,0.380388618376561,0.0728468175506474,5.221760279535786,0.0833333333333333,1.0,4.09,1.936178067536696,6,False,10.18,True,True,True,True
20261003,KEE,11,10,RAPAGNA,D,S,12,0.1143613984988494,0.1052231809064907,1.0868460496407115,0.1666666666666666,2.0,4.9,0.6747322511432114,10,False,11.8,False,False,False,False
20261003,KEE,11,11,LIFE ON MARZ,D,S,12,0.0450144951088481,0.0728468175506474,0.6179335847794782,0.6666666666666666,8.0,16.01,0.7656965618015075,4,False,34.02,False,False,False,False
20261003,KEE,11,12,NU WHY ME,D,S,12,0.0237409838738468,0.0450956489599245,0.5264584149780135,0.9166666666666666,11.0,20.77,0.5168412189336448,3,False,43.54,False,False,False,False
20261003,KEE,11,13,SPEIGHTFUL MOON,D,S,12,0.0159982627920922,0.030548665424465,0.5236976008542752,1.0,12.0,50.36,0.8216707770018601,12,False,102.72,False,False,False,False
20261004,KEE,1,1,LIL TRICK,D,R,8,0.15817309634320095,0.11224489795918367,1.409178494693972,0.25,2.0,7.41,1.33023574024632,8,False,16.82,False,False,False,True
20261004,KEE,1,2,GOOD MOJO,D,R,8,0.10765551184604238,0.14285714285714288,0.7535885829222966,0.75,6.0,3.76,0.5124402363871617,2,False,9.52,False,False,False,False
20261004,KEE,1,3,JUST ASAP,D,R,8,0.10807465846814329,0.11224489795918367,0.9628469572616403,0.625,5.0,4.03,0.5436155320947608,1,True,10.06,False,False,False,False
20261004,KEE,1,4,CAPTAIN MERCURY,D,R,8,0.12036782387622408,0.1746031746031746,0.6893793549274652,0.5,4.0,4.2,0.6259126841563653,6,False,10.4,False,False,False,False
20261004,KEE,1,5,IL CAVALLINO,D,R,8,0.10180284062401518,0.0873015873015873,1.1661052653296284,0.875,7.0,13.35,1.4608707629546178,3,False,28.7,False,False,False,False
20261004,KEE,1,6,KEEP ON MOVING,D,R,8,0.13204262066800504,0.07142857142857144,1.8485966893520702,0.375,3.0,10.18,1.4762364990682963,5,False,22.36,True,False,False,True
20261004,KEE,1,7,CAPITAL CONNECTION,D,R,8,0.2086873235987133,0.2619047619047619,0.7968061446496326,0.125,1.0,2.69,0.770056224079252,4,False,7.38,False,False,True,False
20261004,KEE,1,8,TROUBLE AHEAD,D,R,8,0.06319612457565581,0.03741496598639456,1.6890600568402552,1.0,8.0,23.56,1.5520968195781064,7,False,49.12,False,False,False,False
20261004,KEE,2,1,GET THEM ROSES,D,M,7,0.16693868302880188,0.23491697706388004,0.7106284318625763,0.2857142857142857,2.0,3.55,0.7595710077810486,3,False,9.1,False,False,False,False
20261004,KEE,2,3,BEDEVILED,D,M,7,0.1467532426088587,0.0913566021915089,1.606378073269658,0.5714285714285714,4.0,5.06,0.8893246502096837,6,False,12.12,False,False,False,False
20261004,KEE,2,4,PRIVATE SHOW,D,M,7,0.09570582294558874,0.11745848853194002,0.8148055039850427,0.7142857142857143,5.0,10.28,1.0795616828262409,7,False,22.56,False,False,False,False
20261004,KEE,2,5,MEANSTEPPER,D,M,7,0.09006468043995161,0.05138808873272376,1.7526372873758724,0.8571428571428571,6.0,16.73,1.596846784200342,5,False,35.46,False,False,False,False
20261004,KEE,2,6,EL RAMUNDO,D,M,7,0.0859875083038046,0.03915282951064667,2.1962016380047924,1.0,7.0,29.99,2.6647528823349043,4,False,61.98,False,False,False,False
20261004,KEE,2,7,MONEY MAN,D,M,7,0.15945806317733732,0.14949262176792366,1.066661760905393,0.42857142857142855,3.0,5.48,1.033288249389146,2,False,12.96,False,False,False,False
20261004,KEE,2,8,MAGINNESONTAP,D,M,7,0.25509199949565714,0.31623439220137695,0.8066548287803417,0.14285714285714285,1.0,1.1,0.5356931989408801,1,True,4.2,False,False,True,False
20261004,KEE,3,1,MOM'S SPAGHETTI,D,C,8,0.05978757781460377,0.13470837856508436,0.4438296893739048,0.875,7.0,5.43,0.3844341253479022,6,False,12.86,False,False,False,False
20261004,KEE,3,2,STATE CONCEAL,D,C,8,0.06954790005119237,0.16165005427810125,0.4302374061164422,0.75,6.0,7.91,0.619671789456124,1,True,17.82,False,False,False,False
20261004,KEE,3,3,WAY BEYOND,D,C,8,0.2314957380220703,0.08980558571005624,2.5777432015138886,0.125,1.0,4.61,1.2986910903038145,5,False,11.22,True,True,True,True
20261004,KEE,3,4,JOIN,D,C,8,0.14150468349472262,0.11546432448435803,1.2255273144034395,0.5,4.0,6.59,1.0740205477249447,2,False,15.18,False,False,False,False
20261004,KEE,3,5,STONE COUNTY,D,C,8,0.17510699662262072,0.08980558571005624,1.949845271183534,0.25,2.0,9.48,1.8351213246050653,3,False,20.96,True,False,False,True
20261004,KEE,3,6,CITY OF LIFE,D,C,8,0.17025867894620375,0.062173097799269716,2.7384622123204485,0.375,3.0,6.79,1.3263151089909273,8,False,15.58,True,False,False,True
20261004,KEE,3,7,KOKOMO JOE,D,C,8,0.039688348037178016,0.11546432448435803,0.34372823133395286,1.0,8.0,5.96,0.276230902338759,7,False,13.92,False,False,False,False
20261004,KEE,3,8,TERRAPIN STATION,D,C,8,0.11261007701140845,0.23092864896871607,0.4876401326310264,0.625,5.0,3.06,0.45719691266631834,4,False,8.120000000000001,False,False,False,False
20261004,KEE,4,1,GRANTCHESTER,D,S,11,0.02355077220640245,0.10046581303964891,0.23441578278083627,0.7272727272727273,8.0,8.28,0.2185511660754147,4,False,18.56,False,False,False,False
20261004,KEE,4,2,JUST A HOLIDAY,D,S,11,0.08401694852136113,0.12917033105097717,0.6504353425261702,0.45454545454545453,5.0,4.72,0.4805769455421856,5,False,11.44,False,False,False,False
20261004,KEE,4,4,DAMAVAND,D,S,11,0.17468919354052787,0.15069871955947337,1.1591949424068373,0.18181818181818182,2.0,2.74,0.6533375838415744,1,True,7.48,False,False,False,False
20261004,KEE,4,5,CODE OF ARMS,D,S,11,0.11651272431294035,0.08219930157789457,1.4174417796303214,0.36363636363636365,4.0,14.5,1.8059472268505754,7,False,31.0,False,False,False,True
20261004,KEE,4,6,BARREL ROLL,D,S,11,0.1206372490296417,0.06955325518129542,1.7344587067160593,0.2727272727272727,3.0,8.74,1.1750068055487102,3,False,19.48,True,False,False,True
20261004,KEE,4,7,BELZONI,D,S,11,0.36984778300722204,0.18083846347136806,2.0451831756786607,0.09090909090909091,1.0,2.08,1.1391311716622439,2,False,6.16,True,True,True,True
20261004,KEE,4,8,BIATHLON,D,S,11,0.03231262405261782,0.056512019834802515,0.5717832090779088,0.5454545454545454,6.0,24.14,0.812339368682812,9,False,50.28,False,False,False,False
20261004,KEE,4,9,MAGICAL MIKEL,D,S,11,0.028375184990466495,0.12917033105097717,0.2196726195527687,0.6363636363636364,7.0,22.78,0.6747618990732932,10,False,47.56,False,False,False,False
20261004,KEE,4,10,STADION,D,S,11,0.021497982012552926,0.02916749410828517,0.7370527592374251,0.8181818181818182,9.0,44.54,0.9790181008516603,8,False,91.08,False,False,False,False
20261004,KEE,4,12,JOKES RESERVE,D,S,11,0.01991706567106736,0.04305677701699239,0.4625767893218546,0.9090909090909091,10.0,36.19,0.7407156723069951,11,False,74.38,False,False,False,False
20261004,KEE,4,13,VERY HAPPY,D,S,11,0.008642472655199886,0.02916749410828517,0.29630494217687864,1.0,11.0,51.75,0.45589043256179396,6,False,105.5,False,False,False,False
20261004,KEE,5,1,GOLDEN ALE,T,A,11,0.07727907238012315,0.08373065662902551,0.9229483619424298,0.36363636363636365,4.0,10.49,0.887936541647615,11,False,22.98,False,False,False,False
20261004,KEE,5,2,ZAMBEZI,T,A,11,0.04833707683500119,0.05796737766624843,0.8338668882574881,0.5454545454545454,6.0,38.34,1.901580602688947,8,False,78.68,False,False,False,False
20261004,KEE,5,4,MOUNTAIN BEAR,T,A,11,0.058668069407685625,0.10765370138017565,0.5449702950807161,0.45454545454545453,5.0,5.17,0.36198198824542027,7,False,12.34,False,False,False,False
20261004,KEE,5,5,MOON SNIPER,T,A,11,0.025762666834488777,0.10765370138017565,0.2393105532294587,0.9090909090909091,10.0,9.29,0.2650978417268895,9,False,20.58,False,False,False,False
20261004,KEE,5,6,MAX VEGAS,T,A,11,0.034012756995468824,0.0685069008782936,0.49648658105107424,0.8181818181818182,9.0,13.82,0.504069058672848,10,False,29.64,False,False,False,False
20261004,KEE,5,7,KALAHARI DREAMS,T,A,11,0.045060756128164785,0.05796737766624843,0.7773468102629293,0.6363636363636364,7.0,24.03,1.1278707258879646,5,False,50.06,False,False,False,False
20261004,KEE,5,9,ORTLEY AVENUE,T,A,11,0.1594679264729989,0.16746131325805103,0.9522672632291218,0.2727272727272727,3.0,2.5,0.5581377426554962,3,False,7.0,False,False,False,False
20261004,KEE,5,10,JET SWEEP JOE,T,A,11,0.02186249709900531,0.03588456712672522,0.6092451114652878,1.0,11.0,56.76,1.2627778324385466,6,False,115.52,False,False,False,False
20261004,KEE,5,11,GUY SMILEY,T,A,11,0.2567703390871869,0.1370138017565872,1.8740472550594134,0.09090909090909091,1.0,3.15,1.0655969072118257,1,True,8.3,True,True,True,True
20261004,KEE,5,12,TWILIGHT DELIGHT,T,A,11,0.23571967438711933,0.0685069008782936,3.4408164924273645,0.18181818181818182,2.0,6.91,1.8645426244021142,4,False,15.82,True,False,False,True
20261004,KEE,5,13,OUR STARRY NIGHT,T,A,11,0.03705916437275731,0.10765370138017565,0.3442442191735149,0.7272727272727273,8.0,22.69,0.8779316039906208,2,False,47.38,False,False,False,False
20261004,KEE,6,2,BILLAL,D,C,7,0.19079241868994049,0.23390431187241584,0.8156857698032052,0.2857142857142857,2.0,4.06,0.9654096385710987,2,False,10.12,False,False,False,False
20261004,KEE,6,3,TIMING DIFFERENCE,D,C,7,0.22218229357345484,0.1364441819255759,1.6283749914279613,0.14285714285714285,1.0,4.8,1.288657302726038,4,False,11.6,True,True,True,True
20261004,KEE,6,4,HIGH CEILING,D,C,7,0.08560508457933962,0.09096278795038394,0.9411000532001426,0.8571428571428571,6.0,3.24,0.3629655586164,7,False,8.48,False,False,False,False
20261004,KEE,6,5,FLYING LIAM,D,C,7,0.18135956595630884,0.11695215593620792,1.5507158846668225,0.5714285714285714,4.0,2.71,0.6728439896979058,3,False,7.42,False,False,False,False
20261004,KEE,6,5,FLYING LIAM,D,C,7,0.18135956595630884,0.11695215593620792,1.5507158846668225,0.5714285714285714,4.0,2.71,0.6728439896979058,3,False,7.42,False,False,False,False
20261004,KEE,6,6,TARANTINO,D,C,7,0.08769743460753916,0.18192557590076788,0.4820511584109214,0.7142857142857143,5.0,5.48,0.5682793762568538,1,True,12.96,False,False,False,False
20261004,KEE,6,7,BARKSDALE,D,C,7,0.18790342693821596,0.14884819846426464,1.2623829436761889,0.42857142857142855,3.0,8.42,1.7700502817579944,5,False,18.84,False,False,False,True
20261004,KEE,6,8,TOM CAT TUESDAY,D,C,7,0.04445977565520105,0.09096278795038394,0.48876883236529467,1.0,7.0,17.17,0.8078341236550032,6,False,36.34,False,False,False,False
20261004,KEE,7,1,AMOR PATRIAE,D,A,12,0.05117866321817215,0.037338236334064065,1.3706770389548721,0.75,9.0,15.53,0.8459833029963857,7,False,33.06,False,False,False,False
20261004,KEE,7,2,BOB'S CARROT,D,A,12,0.08406217301368221,0.07128208754684959,1.1792888775659525,0.4166666666666667,5.0,8.47,0.7960687784395706,4,False,18.94,False,False,False,False
20261004,KEE,7,3,EZUM,D,A,12,0.07050800189103505,0.1120147090021922,0.6294530648618225,0.5833333333333334,7.0,9.25,0.7227070193831092,6,False,20.5,False,False,False,False
20261004,KEE,7,4,OVERTIME RULES,D,A,12,0.03442966704489124,0.08712255144614948,0.39518662474172656,0.9166666666666666,11.0,21.4,0.7712245418055638,1,True,44.8,False,False,False,False
20261004,KEE,7,5,PIMLOTT,D,A,12,0.10277631785435937,0.14256417509369917,0.7209126541559999,0.25,3.0,3.74,0.48715974662966344,11,False,9.48,False,False,False,False
20261004,KEE,7,6,MOUNT VERNON,D,A,12,0.013250880328650521,0.04900643518845909,0.27039061865432473,1.0,12.0,25.04,0.34505292375805957,10,False,52.08,False,False,False,False
20261004,KEE,7,7,LINCOLN'S LAW,D,A,12,0.2053063897431915,0.13068382716922425,1.5710160483541509,0.08333333333333333,1.0,3.2,0.8622868369214043,8,False,8.4,True,True,True,True
20261004,KEE,7,8,EMBRY SHOW,D,A,12,0.1514772415112709,0.1120147090021922,1.3522977728604053,0.16666666666666666,2.0,7.16,1.2360542907319705,3,False,16.32,False,False,False,True
20261004,KEE,7,9,DISCOTHEQUE,D,A,12,0.06710570614524954,0.07128208754684959,0.941410506547593,0.6666666666666666,8.0,14.83,1.0622833282793003,5,False,31.66,False,False,False,False
20261004,KEE,7,10,SPEEDSTORM,D,A,12,0.08038850557404272,0.037338236334064065,2.152980790383595,0.5,6.0,24.76,2.0708079035873403,2,False,51.52,True,False,False,True
20261004,KEE,7,11,TRE ITALIANI,D,A,12,0.09622117619355804,0.1120147090021922,0.8590048311572629,0.3333333333333333,4.0,6.46,0.7178099744039429,9,False,14.92,False,False,False,False
20261004,KEE,7,12,RECLAMATION,D,A,12,0.04329527748189685,0.037338236334064065,1.1595426493778473,0.8333333333333334,10.0,26.11,1.1737349725342237,12,False,54.22,False,False,False,False
20261004,KEE,8,1,ADONIUS,T,G3,9,0.13384043658067327,0.08696927078525389,1.5389393905711193,0.3333333333333333,3.0,3.59,0.6143276039052903,1,True,9.18,True,False,False,True
20261004,KEE,8,2,FANSHELL BEACH,T,G3,9,0.11482374450253292,0.14231335219405183,0.8068374662833087,0.4444444444444444,4.0,5.35,0.729130777591084,5,False,12.7,False,False,False,False
20261004,KEE,8,3,CACTUS CLOSER,T,G3,9,0.07663917612213911,0.04892021481670531,1.5666156906565403,0.5555555555555556,5.0,22.7,1.816348474094697,6,False,47.4,False,False,False,False
20261004,KEE,8,4,CRACK ON,T,G3,9,0.048562084746775924,0.06020949515902193,0.8065519336861483,0.7777777777777778,7.0,9.76,0.5225280318753089,7,False,21.52,False,False,False,False
20261004,KEE,8,5,LOVE A WARRIOR,T,G3,9,0.05491344438458396,0.08696927078525389,0.6314120365591801,0.6666666666666666,6.0,24.16,1.3816222607161324,2,False,50.32,False,False,False,False
20261004,KEE,8,6,CIARLATANO,T,G3,9,0.044281680592807564,0.037272544622251665,1.1880509109746011,0.8888888888888888,8.0,28.97,1.3271219673664425,9,False,59.94,False,False,False,False
20261004,KEE,8,7,WOOD ISLAND,T,G3,9,0.3194431138604619,0.17393854157050778,1.8365286438312027,0.1111111111111111,1.0,2.57,1.1404119164818491,3,False,7.14,True,True,True,True
20261004,KEE,8,8,RUIVA,T,G3,9,0.18353585310253598,0.3261347654447021,0.562760774222506,0.2222222222222222,2.0,2.26,0.5983268811142672,4,False,6.52,False,False,False,False
20261004,KEE,8,9,BEE CRAZY,T,G3,9,0.02396046610748925,0.037272544622251665,0.6428449237990819,1.0,9.0,46.97,1.1493835591762593,8,False,95.94,False,False,False,False
20261004,KEE,9,2,COUNTING STARS,D,G1,3,0.33377313105554224,0.26865671641791045,1.2423777655956294,0.6666666666666666,2.0,1.65,0.8844987972971868,2,False,5.3,False,False,False,False
20261004,KEE,9,3,IMMERSIVE,D,G1,3,0.21266490450035852,0.208955223880597,1.0177534715374301,1.0,3.0,4.96,1.2674828308221366,3,False,11.92,False,False,False,False
20261004,KEE,9,4,FULLY SUBSCRIBED,D,G1,3,0.4535619644440993,0.5223880597014926,0.8682471890787042,0.3333333333333333,1.0,0.54,0.6984854252439129,1,True,3.08,False,False,True,False
20261004,KEE,10,1,TRIM CASTLE,T,G2,10,0.018090349930732625,0.026067355715023242,0.6939848494224798,1.0,10.0,37.42,0.6950312443387474,10,False,76.84,False,False,False,False
20261004,KEE,10,2,AGATE,T,G2,10,0.05666478741436776,0.1616176054331441,0.3506102399085978,0.6,6.0,3.64,0.2629246136026664,1,True,9.28,False,False,False,False
20261004,KEE,10,3,BOLD LEADERSHIP,T,G2,10,0.26192304367250197,0.1795751171479379,1.4585709191364418,0.1,1.0,2.57,0.935065265910832,2,False,7.14,False,True,True,True
20261004,KEE,10,4,HERACLES,T,G2,10,0.046437817379141016,0.05050550169785753,0.9194605699978807,0.8,8.0,37.36,1.7813546746638493,9,False,76.72,False,False,False,False
20261004,KEE,10,5,REAL GOODBAR,T,G2,10,0.0644857911897629,0.07346254792415641,0.8778049905965525,0.5,5.0,6.79,0.502344313368253,3,False,15.58,False,False,False,False
20261004,KEE,10,6,POPCORN,T,G2,10,0.16244978528286114,0.11544114673796006,1.4072086935484625,0.3,3.0,5.61,1.0737930807197122,4,False,13.22,False,False,False,True
20261004,KEE,10,7,MAD MO,T,G2,10,0.025326786993003964,0.03848038224598669,0.6581739971058999,0.9,9.0,65.9,1.6943620498319654,6,False,133.8,False,False,False,False
20261004,KEE,10,8,HEMINGWAY,T,G2,10,0.08739202815827614,0.23088229347592013,0.3785133404671012,0.4,4.0,4.99,0.523478248668074,7,False,11.98,False,False,False,False
20261004,KEE,10,9,BLARING AMBITION,T,G2,10,0.05579422770518001,0.05050550169785753,1.104715839453721,0.7,7.0,11.07,0.6734363284015228,8,False,24.14,False,False,False,False
20261004,KEE,10,11,MID AMERICAN,T,G2,10,0.2214353822741726,0.07346254792415641,3.0142622129412806,0.2,2.0,9.07,2.2298542995009183,5,False,20.14,True,False,False,True
